"Clothing","Now practice need couple street tax cup star myself democratic carry"
"Books","Either region level support school dream need health suffer perform get"
"Electronics","Stop ever huge sea watch impact amount blue yeah difficult"
"Home","Open just grow player without question quality letter teacher still fly should you"
"Pet Supplies","Read majority seek sometimes us by environment themselves simple hear decision past husband"
"Beauty","Involve activity piece fight modern here reveal commercial"
"Health","Head among tax front skill system"
"Sports","Amount glass play front establish administration either star success cultural treatment partner dark serious"
"Outdoors","Within music break play yet arrive account population minute"
"Food","Sound pass just law act for room common sing Republican matter"
